{
  "solver": "linear_solve",
  "stable": true,
  "spectral_radius": 0.810955984463482,
  "final_state": {
    "x": -0.3146703406928862,
    "pi": -0.0699004875684819,
    "i": -0.12891755096308566
  }
}