{
  "solver": "direct_inverse",
  "stable": true,
  "spectral_radius": 0.8109559844634824,
  "final_state": {
    "x": -0.314670340692886,
    "pi": -0.0699004875684819,
    "i": -0.12891755096308555
  }
}