{
  "solver": "least_squares",
  "stable": true,
  "spectral_radius": 0.8109559844634829,
  "final_state": {
    "x": -0.31467034069288624,
    "pi": -0.06990048756848202,
    "i": -0.1289175509630857
  }
}